year,sex,name,n,prop
1880,F,Helen,636,11
1880,F,Amanda,241,12
1881,F,Helen,612,0.00619088564058469
1881,F,Amanda,263,0.0026604622932578
1881,F,Dorothy,109,0.00110262505690152
1881,F,Linda,38,0.000384401395984017
1881,F,Deborah,1400,0.00014162156694148
1881,F,Jessica,700,7.081078347074e-05
